Query,Qty,Manufacturer,MPN,Octopart URL,Part Description,Description,Schematic Reference,Internal Part Number,Lifecycle,Lead Time,RoHS,Total Qty (@ Batch Size: 1),SKU,SKU,Packaging,Packaging,Unit Price (@ Batch Size: 1),Unit Price (@ Batch Size: 1),In Stock,In Stock,MOQ,MOQ,URL,URL,Distributor [Lowest Price (Preferred Distributors)],SKU [Lowest Price (Preferred Distributors)],Packaging [Lowest Price (Preferred Distributors)],Unit Price (@ Batch Size: 1) [Lowest Price (Preferred Distributors)],Line Total [Lowest Price (Preferred Distributors)],Batch Total [Lowest Price (Preferred Distributors)],In Stock [Lowest Price (Preferred Distributors)],MOQ [Lowest Price (Preferred Distributors)],URL [Lowest Price (Preferred Distributors)],Notes
,,,,,,,,,,,,,Digi-Key,Mouser,Digi-Key,Mouser,Digi-Key,Mouser,Digi-Key,Mouser,Digi-Key,Mouser,Digi-Key,Mouser,,,,,,,,,,
STM32F103C8T6,1,STMicroelectronics,STM32F103C8T6,https://octopart.com/stm32f103c8t6-stmicroelectronics-41858015,ARM Cortex-M3 STM32 F1 Microcontroller 32-Bit 72MHz 64kB FLASH LQFP48 STM32F103C8T6,,U1,,Production (Last Updated: 4 years ago),13w,Compliant,1,497-6063-ND,511-STM32F103C8T6,Tray,Tray,35.261568,35.261568,4203,4393,1,1,https://octopart.com/opatz8j6/a1?t=l6DYrURrkDEKdsMqW1dCCRl73JoNuf2XnwQyBtXygwtgxKiRbbEMDmMadO3cwaFX3N3ih8DR67PhvEpIcU7iT635hN0UQFw2EK8Wv2_DPR4XiiJZzzAFLZHvTUyTDR1fbjCWvUGrJqkkMzQweJP2dPF6uydB6DIkFLWbjzGz71ecKOoflz1HagVgC-rwOKxAaI1XrB4VWxUF03EnMJF_ozXwxkdvbYMQc4Oeshq4G3_RZI-dgH024BrpEbReY76me_dK,https://octopart.com/opatz8j6/a1?t=Rl6_u1S11fznyxMK_47H-JG1rR1UlCogQYJoZj-j9dw5S0QarIsUrnLiKK8VdT4Yn2WINkLnhaCQz4neLEAErHFt8BEWUIl4kM_4dsxx8qJp0I6WOTrUuFXmyLjY_1qBYKysesr8jNtleNtNOsP-oJZ6qvujzoIzxJ8Se3IfVosZWCqePYS7IFOC1Z3wsd9dFVjmLVtCHR0Ykha_Vel-UYIIvo7JIceufP89XiNh-40DHzQO9OvOgCR6_t4oiZM4izdtpg,Mouser,511-STM32F103C8T6,Tray,35.261568,35.261568,35.261568,4393,1,https://octopart.com/opatz8j6/a1?t=Rl6_u1S11fznyxMK_47H-JG1rR1UlCogQYJoZj-j9dw5S0QarIsUrnLiKK8VdT4Yn2WINkLnhaCQz4neLEAErHFt8BEWUIl4kM_4dsxx8qJp0I6WOTrUuFXmyLjY_1qBYKysesr8jNtleNtNOsP-oJZ6qvujzoIzxJ8Se3IfVosZWCqePYS7IFOC1Z3wsd9dFVjmLVtCHR0Ykha_Vel-UYIIvo7JIceufP89XiNh-40DHzQO9OvOgCR6_t4oiZM4izdtpg,
"TJA1051T/3,118",1,NXP Semiconductors,"TJA1051T/3,118",https://octopart.com/tja1051t%2F3%2C118-nxp+semiconductors-14414509,TJA1051 Series 3 V 1 Mbit/s Surface Mount High-Speed CAN Transceiver - SOIC-8,,U3,,,4w,Compliant,1,568-8684-1-ND,771-TJA1051T3118,Cut Tape,Tape & Reel,7.82946,7.82946,49741,113441,1,1,https://octopart.com/opatz8j6/a1?t=yT04XQzrGlm_NFzK2KIQfu6fd_lrBSu7m6hmsM4WkdLTltBIXJh8UCaCRdt9lz7Vr4ZUMddgNL_IfkbC7jmXcVpdOKUvOVwBr0DhvTr6ePj30zgn0PFwsXKMm0L8T3gurXnw1wFXEVfFWHy4nYan8jN-bH6iEIuGW3kyH6VvgUWtFucwKNOOUxB7P55RSvK0n5ZLVRzx4mSIkgNCWOIcStGsEK6o_TFpuodVnmtNgj8Ufi_pcy-COvDNXBSWkZhI8Zw1,https://octopart.com/opatz8j6/a1?t=CslgQvBO5vejX3M_DFgaRJ9T8i495r0Guy51Mncch8vDMonixPPj-MMQOBAH-d5fsikvpG55JAIPlyBzW7SAw4RwpM9Iqd7OIC3p2b5mLYjZLA61oWGSAo7ebrHWWs3A7mDyjmYE_FzPc4gZcVLQnvb4ozajQJR3vbBloz9Xwt6eBlR-O-K6WRFkkyXWzZs1-q-axbBmw_EVFPNxoTvC45M3J-i4prsctbba4SY_IXvMk9M9AnEkKEgRIjJOvDwaMl9SkQ,DigiKey,568-8684-1-ND,Cut Tape,7.82946,7.82946,7.82946,49741,1,https://octopart.com/opatz8j6/a1?t=yT04XQzrGlm_NFzK2KIQfu6fd_lrBSu7m6hmsM4WkdLTltBIXJh8UCaCRdt9lz7Vr4ZUMddgNL_IfkbC7jmXcVpdOKUvOVwBr0DhvTr6ePj30zgn0PFwsXKMm0L8T3gurXnw1wFXEVfFWHy4nYan8jN-bH6iEIuGW3kyH6VvgUWtFucwKNOOUxB7P55RSvK0n5ZLVRzx4mSIkgNCWOIcStGsEK6o_TFpuodVnmtNgj8Ufi_pcy-COvDNXBSWkZhI8Zw1,
TLV1117LV33DCYT,1,Texas Instruments,TLV1117LV33DCYT,https://octopart.com/tlv1117lv33dcyt-texas+instruments-20177212,IC REG LINEAR 3.3V 1A SOT223-4 Linear Voltage Regulator IC Positive Fixed 1 Output 1A SOT-223-4,,U2,,Obsolete (Last Updated: 5 days ago),27w,Compliant,1,296-TLV1117LV33DCYTCT-ND,595-TLV1117LV33DCYT,Cut Tape,Tape & Reel,6.437556000000001,6.437556000000001,3349,11237,1,1,https://octopart.com/opatz8j6/a1?t=BtKoO364dcX8YMImsoWDsW9GBYTrvRn6sDIJldNbHQtvtxjmxNctDaizsb8dyK0y7D5kQfCFX4OxLP6dxWZ2Hswynoc6pc1ew76kz-fKtONBEZb4YHueF6ETJ51pA90sEgSwrtlmcFty4gLLef92IEryOAFtNbzWIwXxa341wt9Gb92G8LjdsocxFB9ljAw7Ia5_Uh2hN2w2pRoWl2EC_nrDNaPwXQTsLNFeuR_mbHrCuHJaqr6VVuuknlwGxgYfbT1J,https://octopart.com/opatz8j6/a1?t=bSi6jDCsp09UTod9yYRY8SjspjOq4KIlVuG6YI5zvyL1Bjvi_1dX9Q7pZWgyUYkbLDVw87HydNLxTt-sGBF_0Zl2tioAfYtvS-caPapUSBfJdOP4cKh0Dug47_oGtAySlHAp-sEDelhSUJ192i2Ej_7-2Wdzs9sFHaBze0EXD6LpeNewPbeZ08OqdgyunUH3Yp5NQJXydRsl5mPOwbfBIt5LwbYXQFKDYzk42AXzqASXfyrfCZrfmUPt9hHi1Nj--EZ_,Mouser,595-TLV1117LV33DCYT,Tape & Reel,6.437556000000001,6.437556000000001,6.437556000000001,11237,1,https://octopart.com/opatz8j6/a1?t=bSi6jDCsp09UTod9yYRY8SjspjOq4KIlVuG6YI5zvyL1Bjvi_1dX9Q7pZWgyUYkbLDVw87HydNLxTt-sGBF_0Zl2tioAfYtvS-caPapUSBfJdOP4cKh0Dug47_oGtAySlHAp-sEDelhSUJ192i2Ej_7-2Wdzs9sFHaBze0EXD6LpeNewPbeZ08OqdgyunUH3Yp5NQJXydRsl5mPOwbfBIt5LwbYXQFKDYzk42AXzqASXfyrfCZrfmUPt9hHi1Nj--EZ_,
47346-0001,1,Molex,47346-0001,https://octopart.com/47346-0001-molex-7164928,"Micro-USB B Receptacle with Flange, Bottom Mount, Surface Mount, Lead-Free",,J3,,Production (Last Updated: 4 years ago),17w,Compliant,1,WM17141CT-ND,538-47346-0001,Cut Tape,Tape & Reel,5.857596,5.857596,12013,24580,1,1,https://octopart.com/opatz8j6/a1?t=2SV1PGyZyYr9u_E55sswv9NIACyrEC8jl-hxl53Ijm80EqqVwfOMjlUpdR2Vd7lcXwdqbEZBRYPTZvS3KV_0TQ8zKxtB0vbWjVyxrSgHXbvnvJ094Y7fqhPXjvVz__DmfOuPOdV4pSnahd0XBFMaxxqw1I9FQ1kTVs8bwMMZTVS82B3pnbTmLYnY40HZZ1SV7y4OqzSy5rkAO0-Ju-kctzPdEiowjObcSodxgr-MyojaTUkuJhIw6k9sIYRxv9EU-A,https://octopart.com/opatz8j6/a1?t=OdeGr1786TS1ejoCzr7Nv_IRYReghaWJwTKjvtCD6TfeibQn_YDl66HRbV6fl8_gxsf78GoP5qGt-GPeirUEHIJih_AvcIv5wGGL1LtyK3xrSTIASuqNwNTLQ_j_ITnnQgL0XhQlG-43AeJWfSw7ChFhta_qcdHh8PXyqrNtT1ZRjOtrfW0WbU04ivU9KKjiXhxTFVxv7Em743rl6CAOVb0sX0V6xg78T1umsIWHeqP7omYAlR-7ZWokoZrkk-kR2No,Mouser,538-47346-0001,Tape & Reel,5.857596,5.857596,5.857596,24580,1,https://octopart.com/opatz8j6/a1?t=OdeGr1786TS1ejoCzr7Nv_IRYReghaWJwTKjvtCD6TfeibQn_YDl66HRbV6fl8_gxsf78GoP5qGt-GPeirUEHIJih_AvcIv5wGGL1LtyK3xrSTIASuqNwNTLQ_j_ITnnQgL0XhQlG-43AeJWfSw7ChFhta_qcdHh8PXyqrNtT1ZRjOtrfW0WbU04ivU9KKjiXhxTFVxv7Em743rl6CAOVb0sX0V6xg78T1umsIWHeqP7omYAlR-7ZWokoZrkk-kR2No,
B3S-1002,1,Omron,B3S-1002,https://octopart.com/b3s-1002-omron-75254,Switch Tactile N.O. SPST Round Button Gull Wing 0.05A 24VDC 500000Cycles 2.26N SMD Bag,,"SW1
",,,12w,Compliant,1,SW416-ND,653-B3S-1002,Bulk,,3.363768,3.1897800000000003,18432,7533,1,1,https://octopart.com/opatz8j6/a1?t=Ig2yPfllPV8P3ifPhc_vwhZFKQSjiIWW4UTyozTk2A-3Z-KBoRZ3fiePRzS9rxqQbrp_qHnA_z0FjP5mg_PuL3BD_PhfhFzfCgBlMHwRrEwvswJt3wiKfQrZOk4IJE3S_ZfaNWmV21P5AwCxgoLR1d_xQ7cNeP5OIw9xdBndKTAIwxz_q9cmXQ2M4IVuohm77j7YqF2Q2UOabaCIfEWQRCHCgX1fBmkh3XMW6K7jCv3EsPeTpaCkl5XKVQC1sgLo,https://octopart.com/opatz8j6/a1?t=5dc-fAMtU0-8ST7rVv6-MrE5J2dxBiUnh8QDgo59GB0ctevM12B4Jui6K_nVmw2QCOnndEu28zYFl2tywImIvD-jgTnjfKHMh4hK03zwybsnztKSqOSTxbRR8Co8qj-WV2X_3gjExlbLtQ1AndFmbzJje2lTQ0oEjqqxrIBJplosD43WRoRhseaV4Eb7SrLbQCzqorA_rCuow8E5H-ZVXvGGUwswVsTQdY9K-K0fHB_41ckEzW7KWtkDZ5wHsyq1,Mouser,653-B3S-1002,,3.1897800000000003,3.1897800000000003,3.1897800000000003,7533,1,https://octopart.com/opatz8j6/a1?t=5dc-fAMtU0-8ST7rVv6-MrE5J2dxBiUnh8QDgo59GB0ctevM12B4Jui6K_nVmw2QCOnndEu28zYFl2tywImIvD-jgTnjfKHMh4hK03zwybsnztKSqOSTxbRR8Co8qj-WV2X_3gjExlbLtQ1AndFmbzJje2lTQ0oEjqqxrIBJplosD43WRoRhseaV4Eb7SrLbQCzqorA_rCuow8E5H-ZVXvGGUwswVsTQdY9K-K0fHB_41ckEzW7KWtkDZ5wHsyq1,
LFXTAL030234REEL,1,IQD Frequency Products,LFXTAL030234REEL,https://octopart.com/lfxtal030234reel-iqd+frequency+products-88359198,Crystal 8MHz ±30ppm (Tol) ±30ppm (Stability) 22pF FUND 40Ohm 2-Pin HC-49/4H SMX SMD T/R,,"Y1
",,,,,1,,449-LFXTAL030234REEL,,Tape & Reel,,3.1897800000000003,,180,,1,,https://octopart.com/opatz8j6/a1?t=eZbmv3MP8bjp1sfkLGl7qiKYoeWV4mbrq96TiirRoaMFT2OKL5HgCwB69OV11dnShuTDwhdS3n4NacmGi_uGY1Jb7Y6ZyDcUvZgOvgskuUc6vm1bPEgkJ0hsR6Pa7jTaCSZ4BK4KFEInB6fhpHlvefdFRk_sj-ylwysLCl6I_3lB7_7PSufgnwTKd18JITuqhHvOKibtAfECBEr_C7VGBuPPW3nnN-PjjuQR8MTy6TaSd1BGsfu2XWxYgAQ9mra1Tt_t7ag,Mouser,449-LFXTAL030234REEL,Tape & Reel,3.1897800000000003,3.1897800000000003,3.1897800000000003,180,1,https://octopart.com/opatz8j6/a1?t=eZbmv3MP8bjp1sfkLGl7qiKYoeWV4mbrq96TiirRoaMFT2OKL5HgCwB69OV11dnShuTDwhdS3n4NacmGi_uGY1Jb7Y6ZyDcUvZgOvgskuUc6vm1bPEgkJ0hsR6Pa7jTaCSZ4BK4KFEInB6fhpHlvefdFRk_sj-ylwysLCl6I_3lB7_7PSufgnwTKd18JITuqhHvOKibtAfECBEr_C7VGBuPPW3nnN-PjjuQR8MTy6TaSd1BGsfu2XWxYgAQ9mra1Tt_t7ag,
ERA-6ARW103V,3,Panasonic,ERA-6ARW103V,https://octopart.com/era-6arw103v-panasonic-20327930,Res Thin Film 0805 10K Ohm 0.05% 0.125W ±10ppm/°C Molded SMD Punched Carrier T/R,,"R6, R1, R5",,Production (Last Updated: 4 years ago),13w,Compliant,3,P10KBSCT-ND,667-ERA-6ARW103V,Cut Tape,Tape & Reel,3.0157920000000003,3.0157920000000003,6667,21679,1,1,https://octopart.com/opatz8j6/a1?t=7xLnZ64tQef2oFFIIBMm6o7Fk4P0N6dJbK6YioNEC0NbsVP1Aff5eaosRi5aqi-wCfiFXQASDheFWwQp8SqxAIupsjj_ZEC-K3BUFkxFCO8w2CYY19zMpa-O97A-pRG_cn1k5myFb48lNSvyebtppiRL70Hjruyzaj8eLOrigt6ZJIZeJe3leJ7pWs9X68W2h61FdqoU60U5zHloiuQXq3fKAu0Pe3V2gacwqMlx7VYxHb8UexJIpi3AiBpls65D8NvV,https://octopart.com/opatz8j6/a1?t=ylMnnSuOmaKPaymrwWlIsz0dn4aFfUsnaq1cGVVizVxECD3z_njrgqjHy9W4drY5zf44DhsJGVQJoaf0lT2YphDJmm6PnmUriBvBsN_yfcRiV5Z5fDHsr8Lt7uycqUL0XMHK3ZUc1icGi6SbNk9hPtHqRMzmL2JqfiGlgTMUfgGu0igeYV-ElGSTphe3A8UPrlk6I2pqjAAGTN7nWK2fYybs8Y9xJcgmV5i4f6oQLHon1ziue2Ph3Zcc2eLq38aCUBdZkA,Mouser,667-ERA-6ARW103V,Tape & Reel,3.0157920000000003,9.047376,9.047376,21679,1,https://octopart.com/opatz8j6/a1?t=ylMnnSuOmaKPaymrwWlIsz0dn4aFfUsnaq1cGVVizVxECD3z_njrgqjHy9W4drY5zf44DhsJGVQJoaf0lT2YphDJmm6PnmUriBvBsN_yfcRiV5Z5fDHsr8Lt7uycqUL0XMHK3ZUc1icGi6SbNk9hPtHqRMzmL2JqfiGlgTMUfgGu0igeYV-ElGSTphe3A8UPrlk6I2pqjAAGTN7nWK2fYybs8Y9xJcgmV5i4f6oQLHon1ziue2Ph3Zcc2eLq38aCUBdZkA,
ERA6ARW102V,2,Panasonic,ERA6ARW102V,https://octopart.com/era6arw102v-panasonic-55412135,Res Thin Film 0805 1K Ohm 0.05% 0.125W ±10ppm/°C Molded SMD Punched Carrier T/R,,"R3, R4",,Production (Last Updated: 4 years ago),13w,Compliant,2,P1.0KBSCT-ND,667-ERA-6ARW102V,Cut Tape,Tape & Reel,3.0157920000000003,3.0157920000000003,14545,3186,1,1,https://octopart.com/opatz8j6/a1?t=ED1AfvLakGPl8oVZl6hFHyJz49sY0jg1ypDs2ANvgvUCUThfOLzYqqMi3RY8TZNOmDXPAacbAOqei-wxgGdIe8JNaXi879i5ZnaHYCCUxpj1JQTCebV-0axH-dXu2b4MvMLZrN40WiXuEVqtiFtFkPyIVzSxP76fgsiE8-1Kl2hMzDz59iLs9bTsz8eMBZl-crBJG_yAEmbqsnv1WoUSk-xl0gqW4cGs1PbIm38dxJ-UUksF-fTnlV0eNP61G4fv04AY,https://octopart.com/opatz8j6/a1?t=Q2aB_R7H5e1TwrSw-4GX1Q-lTZg4hpCs8M2XRgNKfPkB955bf436VOXTbwXVFqljxk5-SMxtD-wKo-flbnCuIbOSZWbR5ioL865oykZXudpgS1_QvKUvO8Vx5GUt246JUdG-_UYJE7HDC88Jn5T4X2EujsIqFs4pKbc4Sj08Q4ZLF0mDn2ZFAL-maMIqrPcGVUCxpnJKH6IlctF_mNMAWlHEybXX2hvdKsVgzChaBy28bhvDm3MRbq4DetPCuGG0Odc0yw,Mouser,667-ERA-6ARW102V,Tape & Reel,3.0157920000000003,6.0315840000000005,6.0315840000000005,3186,1,https://octopart.com/opatz8j6/a1?t=Q2aB_R7H5e1TwrSw-4GX1Q-lTZg4hpCs8M2XRgNKfPkB955bf436VOXTbwXVFqljxk5-SMxtD-wKo-flbnCuIbOSZWbR5ioL865oykZXudpgS1_QvKUvO8Vx5GUt246JUdG-_UYJE7HDC88Jn5T4X2EujsIqFs4pKbc4Sj08Q4ZLF0mDn2ZFAL-maMIqrPcGVUCxpnJKH6IlctF_mNMAWlHEybXX2hvdKsVgzChaBy28bhvDm3MRbq4DetPCuGG0Odc0yw,
ABS25-32.768KHZ-T,1,Abracon,ABS25-32.768KHZ-T,https://octopart.com/abs25-32.768khz-t-abracon-49221,"Crystal, Plastic Molded 32.768Khz, 12.5F, 20Ppm-40+85C, 8 X 4 X 2.5 Rohs Compliant: Yes",,Y2,,,12w,Compliant,1,535-9166-1-ND,815-ABS25-32.768KHZT,Cut Tape,Tape & Reel,2.667816,2.667816,83631,124005,1,1,https://octopart.com/opatz8j6/a1?t=NneC109RTfN47T7mTHQgRZ4eHZgkEHs8MyFXyPI-rFNTD-OFBnaMWjhnGuhcD92Jt2zkaf6q31RWQJTXQe39df4GnodCeNrPkcAx3cVYU56yAXsh7ehGEWQmlSLPr0Edew3TkEevU3VR722bV8moyzDIJLm8kz07D0IXzmQJNRw20_YLISSM7xcsD_923wfHCUbLRyjyW-vrsW5AxMwFM9pshD3tpAR8BzvItMgQwlTVZkBIVNnmtcYR6Hmo6tk,https://octopart.com/opatz8j6/a1?t=j1Qmfsz6tcYB57l-Hok9TLJTDFvm14sFCrlthfNxijiFOvveM2cMHkI5gMb3n4Bu8MiXpjPoU6E2xQ_-rzBQaqMH5EEUHRYdgbdCxf6A7mT1Chq0rolR_Mh1CSajPSV-KApho3yqe38w-EFKzSdFzQXs2K0SJHgyZOfSTBJYR3Ot1OteD9vSudUcq-TXfKRsummHMUPz90wv3Wk4WLng4S9OLSALZAiWWACdLXjkJ31deh-Bq78K_DUO-PaubVM0SA,Mouser,815-ABS25-32.768KHZT,Tape & Reel,2.667816,2.667816,2.667816,124005,1,https://octopart.com/opatz8j6/a1?t=j1Qmfsz6tcYB57l-Hok9TLJTDFvm14sFCrlthfNxijiFOvveM2cMHkI5gMb3n4Bu8MiXpjPoU6E2xQ_-rzBQaqMH5EEUHRYdgbdCxf6A7mT1Chq0rolR_Mh1CSajPSV-KApho3yqe38w-EFKzSdFzQXs2K0SJHgyZOfSTBJYR3Ot1OteD9vSudUcq-TXfKRsummHMUPz90wv3Wk4WLng4S9OLSALZAiWWACdLXjkJ31deh-Bq78K_DUO-PaubVM0SA,
CC0805MKX5R8BB226,1,Yageo,CC0805MKX5R8BB226,https://octopart.com/cc0805mkx5r8bb226-yageo-57080774,Multilayer Ceramic Capacitor 22 Uf 25 V ½ 20% X5R 0805 [2012 Metric],,"C3,C4",,,24w,Compliant,1,311-1903-1-ND,603-CC805MKX5R8BB226,Cut Tape,Tape & Reel,2.60982,2.4938279999999997,286203,34802,1,1,https://octopart.com/opatz8j6/a1?t=xG3YNXo69OdcM6RgYx1ZfljGuaNDLgs-6AGkWKyUNm_uT5ufvWdOQDDUtMR4ZS6eTMRUWqIIbik_SqM52Bqq0rMFlDgxN2WudjWwDVyM4V-QiAFtCQPWFObtZAGerAaZ4VtNuPI1Rp-Vs2I8oPGW9gXRd2s2MLsWRGsQJ_McFp9XfpGsx4q-ldblYkwaVhhM3Yyzp7MtRDVIBZhpsJOifvycsu7GRP8utBteVJYDSrKywJs8hdC_dLmVKVEChSfGk7eD,https://octopart.com/opatz8j6/a1?t=2FHALqaY3DTwkyPoF7eBHRr2tnudZp1zn09L0Ay8ouEZ2ez2CCGYX9mxV-yAIXld1FWW6lZu99BN0DeLKsWjqFG49dFXCAVlCYvTV4y4o7nzEcNo_TBCFrGGrPKnGEpPTndM-QcVFoQSsyowqZadmOyp5OXIgCrlkABkiDWKrq9u7GLm3ddjt8isRWp3zvJ50uuVd6auvhMEbKGRX_8e9EnlX0oDQT1chhBd_8PwulxdavA6HI8CJi8cmq-_vsF6oLFccg,Mouser,603-CC805MKX5R8BB226,Tape & Reel,2.4938279999999997,2.4938279999999997,2.4938279999999997,34802,1,https://octopart.com/opatz8j6/a1?t=2FHALqaY3DTwkyPoF7eBHRr2tnudZp1zn09L0Ay8ouEZ2ez2CCGYX9mxV-yAIXld1FWW6lZu99BN0DeLKsWjqFG49dFXCAVlCYvTV4y4o7nzEcNo_TBCFrGGrPKnGEpPTndM-QcVFoQSsyowqZadmOyp5OXIgCrlkABkiDWKrq9u7GLm3ddjt8isRWp3zvJ50uuVd6auvhMEbKGRX_8e9EnlX0oDQT1chhBd_8PwulxdavA6HI8CJi8cmq-_vsF6oLFccg,
HSMY-C280,1,Avago,HSMY-C280,https://octopart.com/hsmy-c280-avago-71131784,LED YELLOW DIFFUSED SMD Yellow 586nm LED Indication - Discrete 2.1V 0402 (1005 Metric),,D2,,,17w,Compliant,1,516-HSMY-C280CT-ND,630-HSMY-C280,Cut Tape,Tape & Reel,2.0298599999999998,2.0298599999999998,13174,16542,1,1,https://octopart.com/opatz8j6/a1?t=g60_SwbdpC9WF4H-oeq8IqrEJyPs-7h6GkBbQB_1mqVksUYT7D2YmK-DMHYIH1ApIjvL2Wf2bhlxbNy_AXm8GeR7_cMsgq_ofy6uFcgmOZ_Ur0Sj6LVPZ9G-71FwV0xnliioimefkbOn-fyFEBwtRhxCa-2cIUtet27WKm9pqQqyC8CiuH7bk8UnsBlYlqWjOFBv58LPsfj-DhaKgHaOWAInB5rGRf6x1lfcB0UKrjTcLUy2I-RsxbFEEhgFK35M7wQf,https://octopart.com/opatz8j6/a1?t=Wz6YJdVLKGSONnkn5hTp4lDeaFg4_O2WoSRVP0DcEIuWAk5Kn6O9WnnBClQJ5yHqyAItkOWUtGj13g-g80fK39joUkg6Kvnjt_-e0R7gZVBeAy1BUjd-7fwoefOvotMAdI__IKg7Tyhu_kxg-gz52QrBRa3ujMm1FIMHbzukHE_0Ms2b427WUj7i7gAfumjUe5G2eNvWYdjfAthFXgxI3r08p-eY8FDl62RvmS93ftx1pV3iypwhW7oVBpCcmCFQBGw00Q,DigiKey,516-HSMY-C280CT-ND,Cut Tape,2.0298599999999998,2.0298599999999998,2.0298599999999998,13174,1,https://octopart.com/opatz8j6/a1?t=g60_SwbdpC9WF4H-oeq8IqrEJyPs-7h6GkBbQB_1mqVksUYT7D2YmK-DMHYIH1ApIjvL2Wf2bhlxbNy_AXm8GeR7_cMsgq_ofy6uFcgmOZ_Ur0Sj6LVPZ9G-71FwV0xnliioimefkbOn-fyFEBwtRhxCa-2cIUtet27WKm9pqQqyC8CiuH7bk8UnsBlYlqWjOFBv58LPsfj-DhaKgHaOWAInB5rGRf6x1lfcB0UKrjTcLUy2I-RsxbFEEhgFK35M7wQf,
HSMG-C280,1,Avago,HSMG-C280,https://octopart.com/hsmg-c280-avago-71131311,LED GREEN DIFFUSED 0402 SMD Green 572nm LED Indication - Discrete 2.2V 0402 (1005 Metric),,D1,,,13w,Compliant,1,516-3066-1-ND,630-HSMG-C280,Cut Tape,Tape & Reel,1.971864,2.60982,70520,43742,1,1,https://octopart.com/opatz8j6/a1?t=dbc2WqwIl8d0hw95Wd-IW-5XbSsxbFUfkf5pNtXDds6LrDt6BWxYC_yq6E5LS6RhSb3K2sMGTV1lab762uaiaUiex_q8zeWL82dKdcEGgFplQPXoacu3LvTUK5LCjYJJP7zQi0Z1062yHI5560pND05q-_I8HYCkMTeJcsRnhJEb3I62DY8d8eoNJgzR7tvP_er9E4m7wgJRLHg-mOJhVVzBzozjJl7s8djT6lr1L8gQSV9lVWbywU-u7fHyjy3eooxe1A,https://octopart.com/opatz8j6/a1?t=Gir8u1VKe6FcgS8eRIOa0VP9eNSHSauUwvrwYP5N_dzR2RahmCZELE-lcaD19YmwEXREvSjrlls_SWlnk7jYWyk_9gPM2-mqbOTf3NMQccuT9ctjcG0Jv2g8ylVnMI-UEF2N8kJIp9bpGGGPm31F7JkDrFkVQ4ND_11HgJeVwEtXyMaizo8PvC9C3biIjlDB_bQngTEYcwkTJs7kBnT1LpijtDMjkDYse7oyjgalA1L0w1IhwLY7ZB_W6fy-6KKPAQhsByU,DigiKey,516-3066-1-ND,Cut Tape,1.971864,1.971864,1.971864,70520,1,https://octopart.com/opatz8j6/a1?t=dbc2WqwIl8d0hw95Wd-IW-5XbSsxbFUfkf5pNtXDds6LrDt6BWxYC_yq6E5LS6RhSb3K2sMGTV1lab762uaiaUiex_q8zeWL82dKdcEGgFplQPXoacu3LvTUK5LCjYJJP7zQi0Z1062yHI5560pND05q-_I8HYCkMTeJcsRnhJEb3I62DY8d8eoNJgzR7tvP_er9E4m7wgJRLHg-mOJhVVzBzozjJl7s8djT6lr1L8gQSV9lVWbywU-u7fHyjy3eooxe1A,
ERA-6AED121V,1,Panasonic,ERA-6AED121V,https://octopart.com/era-6aed121v-panasonic-23424100,Res Thin Film 0805 120 Ohm 0.5% 0.125W(1/8W) ±25ppm/C Pad SMD Automotive T/R,,"R7
",,Production (Last Updated: 4 years ago),12w,Compliant,1,P123800CT-ND,667-ERA-6AED121V,Cut Tape,Tape & Reel,1.5078960000000001,1.5078960000000001,193408,36883,1,1,https://octopart.com/opatz8j6/a1?t=8LN1A0obd7t7Xkf--8jOPR3ksQx5_dndooqAavop5RctdRVYH_A-u-JR-di9e0CxT72BkHtyrUku5yZZ-kSBtzqnPsO455aq7KQgC6n7JOrzfuyTp_eNFn6dCpPPDYFHIFkUgXxxMxtaLksoBGLHJCfFy8-9gJ99V7zlB_o1sGJl-euY6IwPK6lGRt2VfXE29IFGjt-6tZFPyoJivWzxkAgUfoJQEMd8WlZx7m55zx1XsWkwk0KOzQx2n92Am4MUZOceHw,https://octopart.com/opatz8j6/a1?t=qSg84YVrltI_TZWK3B5sVZz-aM5GE6ZA1gN259HCH__3wqTQ8r0fFbQeXcFzD8ofEJNVBObkbY2UqA5YLD-54x4BggF8Cr__hHcy8CGW7mTlLpH_FfwnBp54ioD3N7sf_3EsOB-40e-xdx0UNSTvCaQoMYilEhKxoAmf8gWu5O0C4ArLSX-HSaJd64KwuW7u4AFqzZc9KBMVyIgEXzr77Iztrs79TxwEZAB7hylzjAxexoYG6j_aswlYtF8Hklr_jB2wYQ,Mouser,667-ERA-6AED121V,Tape & Reel,1.5078960000000001,1.5078960000000001,1.5078960000000001,36883,1,https://octopart.com/opatz8j6/a1?t=qSg84YVrltI_TZWK3B5sVZz-aM5GE6ZA1gN259HCH__3wqTQ8r0fFbQeXcFzD8ofEJNVBObkbY2UqA5YLD-54x4BggF8Cr__hHcy8CGW7mTlLpH_FfwnBp54ioD3N7sf_3EsOB-40e-xdx0UNSTvCaQoMYilEhKxoAmf8gWu5O0C4ArLSX-HSaJd64KwuW7u4AFqzZc9KBMVyIgEXzr77Iztrs79TxwEZAB7hylzjAxexoYG6j_aswlYtF8Hklr_jB2wYQ,
GRM188R61H225KE11D,3,Murata,GRM188R61H225KE11D,https://octopart.com/grm188r61h225ke11d-murata-38819091,0603 2.2 uF 50 V ±10% Tolerance X5R Multilayer Ceramic Capacitor,,"C1, C2, C10",,Production (Last Updated: 4 years ago),10w,Compliant,3,490-10733-1-ND,81-GRM188R61H225KE1D,Cut Tape,Tape & Reel,1.275912,1.6238880000000002,87399,63447,1,1,https://octopart.com/opatz8j6/a1?t=8B342ILiOgqH46h8Q0Z3hzqq1-C9uZBGXwCprctIg0nSemq978tc6HFrM47x2mgodqW4G9X9sL30FU5reOCVhH67PrTDWKpcXfvzt-8KqPG-A1o6dsmeF_nIoa0PPVNJVPfCSShefWUTUHQWCKeAMldwyhUxaW8krq68poG3LvEglmCKLStFs3wYJcPcXE9xRGC8uTxww5Y9IfZ1Tb7twMw0Krntay0b7_Mv4AePAhINvsPRCkANi-L3cIWc5DEwynH1,https://octopart.com/opatz8j6/a1?t=OkzI1yGjcCsaeSSfexSCAkNuN7zEK7qZAW5RysLN0ZJvAU79KM1DvCqMuXO6p1yLTN4DnObm0Jx8ukT5dBNSp5mp4bPJlbX-ZYhF2gRVaEzghtOxzbhZJCfp35YjmjQ3YYM_bJp0mSM_AECNcATURJSXqJcuCFy8hjqijuAzpX6vLKUO4hqLp19dK-X4aDsXJjbCewZnMIBetWBRNt64gJB1ycwHkvzH838e63QcbXZ0ZpVFSMk9RupTKmolb_5u0lDhug,DigiKey,490-10733-1-ND,Cut Tape,1.275912,3.827736,3.827736,87399,1,https://octopart.com/opatz8j6/a1?t=8B342ILiOgqH46h8Q0Z3hzqq1-C9uZBGXwCprctIg0nSemq978tc6HFrM47x2mgodqW4G9X9sL30FU5reOCVhH67PrTDWKpcXfvzt-8KqPG-A1o6dsmeF_nIoa0PPVNJVPfCSShefWUTUHQWCKeAMldwyhUxaW8krq68poG3LvEglmCKLStFs3wYJcPcXE9xRGC8uTxww5Y9IfZ1Tb7twMw0Krntay0b7_Mv4AePAhINvsPRCkANi-L3cIWc5DEwynH1,
KTR10EZPF1005,1,ROHM,KTR10EZPF1005,https://octopart.com/ktr10ezpf1005-rohm-19170005,Res Thick Film 0805 10M Ohm 1% 0.125W(1/8W) ±100ppm/C Pad SMD T/R Automotive AEC-Q200,,"R2
",,,13w,Compliant,1,RHM10.0MAHCT-ND,755-KTR10EZPF1005,Cut Tape,Tape & Reel,1.101924,1.217916,37609,60688,1,1,https://octopart.com/opatz8j6/a1?t=p9MBIDlVQParReF55oSlxtH6ri3gZUIGpJDyYV9G8rnwGc6HoU8gCWc0XNGHNr46yw7_ewUC8MP5ISvN1WgqwTyCUwXEkF9pdu4Mi3ZoyEP9AG_xf52JxInlvR1wwr_IjbMXQkd9zzqfgsckqWUKwDMnsoyDDHHKy3cH8qEIy8IS1BUrxHmHgiOKAwyxFZLH5PMVM6_xI7HSO5DhZlVWwL1rQxXqXuHz-DrWSXvOtPFol_0wvq-2HXo3MK7WASq1abM1,https://octopart.com/opatz8j6/a1?t=AapO1Jhh5VXaETryTjpj2PdTHv_pY3O4zGrmwEBI32qstUDidcVvo070kJlDVBhbk-E9lxJrgrm6r92EIM3oHelECCwa9KQ7buDzhF1H3P2kdDMvzOJNW_fPQxraCXKf_Yn9Hz6s3XX4Ca9Ndr3e17GO0cWjXGLZOHAFrnYektQAsjgH_bQUGwI9zVNoLuKHbJJBWCMh5s_B-dnzEQS59cooN1FxuLJ6SIBKCNH2b6slcUeU_5zJ58veQecrS2fSjiILEqY,DigiKey,RHM10.0MAHCT-ND,Cut Tape,1.101924,1.101924,1.101924,37609,1,https://octopart.com/opatz8j6/a1?t=p9MBIDlVQParReF55oSlxtH6ri3gZUIGpJDyYV9G8rnwGc6HoU8gCWc0XNGHNr46yw7_ewUC8MP5ISvN1WgqwTyCUwXEkF9pdu4Mi3ZoyEP9AG_xf52JxInlvR1wwr_IjbMXQkd9zzqfgsckqWUKwDMnsoyDDHHKy3cH8qEIy8IS1BUrxHmHgiOKAwyxFZLH5PMVM6_xI7HSO5DhZlVWwL1rQxXqXuHz-DrWSXvOtPFol_0wvq-2HXo3MK7WASq1abM1,
C0805C104J5RACTU,8,KEMET,C0805C104J5RACTU,https://octopart.com/c0805c104j5ractu-kemet-104634,Multilayer Ceramic Capacitors MLCC - SMD/SMT 50V 0.1uF X7R 0805 5%,,"C7, C8, C9, C11, C12, C13, C14, C15",,,12w,Compliant,8,399-C0805C104J5RACTUCT-ND,80-C0805C104J5R,Cut Tape,Tape & Reel,0.8699399999999999,0.7539480000000001,22485,326773,1,1,https://octopart.com/opatz8j6/a1?t=n7GiHwkTV9HFHD7IBr5ri8Ub0v99viMWccgE-EFv_exXOhCCjrzrSNZiVP3FpafC-VumbwT_YBMUxKU397f-qDV6WRj0t2_O7m7V9BjaMCQZF1LYZpnRdxnj5P-QtWw_jULYAFt46hbkMNfJFJxrJVW8K0ELyks8Y6MbPmxsPAYYNem5OJyf3Lse5TWYiG8ZS-dbmxkVxNUgbsYLJ4Jm_qJWNpO3HmjWsXil5QX1m_uN7IMd4sOCLk-9AMTeoFCLo7qi,https://octopart.com/opatz8j6/a1?t=uD-TXW_cTGjk-rghuVkzy2pzDvFDbExt9a8kUpT55ZUJ4s3IU1q8LCSzek6hbi3y7yUuDhrb__8v_bsmWx45ChwKsTbJs7VLr-Khttn7P46E1oazm1UtQUH5ah_95mk7nOJtyduMc6jnNeGlODnZ78yNFatKsJm43TOjYX9Mjy_0iFCouMejLAlinE_YhTWuGG_2CZGsXURAJxYVThwiIufH5Qxvd32VQJkLGHBBPv_IRN3sMhtw2JhcQbLv9bh3ptI,Mouser,80-C0805C104J5R,Tape & Reel,0.7539480000000001,6.0315840000000005,6.0315840000000005,326773,1,https://octopart.com/opatz8j6/a1?t=uD-TXW_cTGjk-rghuVkzy2pzDvFDbExt9a8kUpT55ZUJ4s3IU1q8LCSzek6hbi3y7yUuDhrb__8v_bsmWx45ChwKsTbJs7VLr-Khttn7P46E1oazm1UtQUH5ah_95mk7nOJtyduMc6jnNeGlODnZ78yNFatKsJm43TOjYX9Mjy_0iFCouMejLAlinE_YhTWuGG_2CZGsXURAJxYVThwiIufH5Qxvd32VQJkLGHBBPv_IRN3sMhtw2JhcQbLv9bh3ptI,
MPZ1005S121CTD25,1,TDK,MPZ1005S121CTD25,https://octopart.com/mpz1005s121ctd25-tdk-52243393,Ferrite Beads Multi-Layer Power 120Ohm 25% 100MHz 1.2A 0.09Ohm DCR 0402 Automotive T/R,,"FB1
",,Production (Last Updated: 2 years ago),10w,Compliant,1,445-172878-1-ND,810-MPZ1005S121CTD25,Cut Tape,Tape & Reel,0.6959519999999999,0.637956,2941,64250,1,1,https://octopart.com/opatz8j6/a1?t=Bxj9HRXGZgD8ysEIIII2dDnsVJFKFL4ZvJ4oSMMuYsRBYbzQvhmrL20ML_4huFw7ih6uSnLoLeUJDRreiShYm4TIDfCxrEKtOebU2l_5hAscXkhhZORd18EtZI_RLjrLL78Mj2RrMgEj7ldPyueor6P4LyPD6N2YeR7pUu8joSplh7umMldxAmP-W2r_ZQj8p1TeVBYcDCJp2JqmIgdxxhwcgktlyO6h8SBbjJoanB7AFYisfGM-omJPGxbz7p7aEUj1,https://octopart.com/opatz8j6/a1?t=d_dtbWcns9oIZx_awL32k8_VIzO6hQE3PAqUk66WFxar1LOxXWZdL9IeOvdIU9_OVKD3KG-3lGXEZVa0I6vK65Cn-ya0XiCkPAS-OUpDhUdO4aDBr9NgGXh7qFC8q0dGU2S7IhRqn7-w3BprC8Hh5vT_p5XALVEz_T5P60TS9NtJMGyA50pCrVQ0Xsh0bIvMMtU8BrqsuizBqMi76afx7jgr8oM9gBdpBCzmOLMNHyT02z1fiJC81W_Hz7Ia_4Z_zkDN7w,Mouser,810-MPZ1005S121CTD25,Tape & Reel,0.637956,0.637956,0.637956,64250,1,https://octopart.com/opatz8j6/a1?t=d_dtbWcns9oIZx_awL32k8_VIzO6hQE3PAqUk66WFxar1LOxXWZdL9IeOvdIU9_OVKD3KG-3lGXEZVa0I6vK65Cn-ya0XiCkPAS-OUpDhUdO4aDBr9NgGXh7qFC8q0dGU2S7IhRqn7-w3BprC8Hh5vT_p5XALVEz_T5P60TS9NtJMGyA50pCrVQ0Xsh0bIvMMtU8BrqsuizBqMi76afx7jgr8oM9gBdpBCzmOLMNHyT02z1fiJC81W_Hz7Ia_4Z_zkDN7w,
C0805C220J5GACTU,2,KEMET,C0805C220J5GACTU,https://octopart.com/c0805c220j5gactu-kemet-145470,Capacitor; Ceramic; Cap; 22.0pF; Tol 5%; SMT; Vol-Rtg 50V; C0G; Tape and Reel | KEMET C0805C220J5GACTU,,"C5, C6
",,,15w,Compliant,2,399-C0805C220J5GACTUCT-ND,80-C0805C220J5G,Cut Tape,Tape & Reel,0.57996,0.57996,298640,52296,1,1,https://octopart.com/opatz8j6/a1?t=zgM1gvnfRlVcGdE_tfyfAphi-WNQjZwNbkjO94CqAIlMkZ72Z6qbWZAeCeqoJBqFCHoF1ztimOr2OqZ7hly53LHlyagw-WANzL9yLJvxsQHxl7t78U7yfBAeZhFSX0hBOLZMKiaE__uPjvr1FsS3CKF_oLzcU4irLr9h_ikQeBQLWIhS-yt-JqoPjlrsMZh6p64d05mdhdK7KhH-ZTjyqRVbfhXRorQ6l9G867dBJJGnRIn3eW_TFd_yp-tNb_5O1n72,https://octopart.com/opatz8j6/a1?t=5LLAFQxT9ST-o1zwSETAk9tM3_6MPEVgpRAG4DkU6wZBJYT8DzRtXKfygF1dyDe6-5kotfBHO-pjyZ-xc3SgDBq_LtHDRNVng-DRhDpKyQq1ioQ1OUiiFu4PknwcK1tdoSvsxcKi0hkcRitfvXaRu4SL6GW0EuEzjKuK8zWp_qCRD7QgqHKWbZXefzaSaXoYuISM0TRZKQVD_FnWqkwLk8zl3e4AXY4mV-NSV8vJ1lmtLizBaVIYVUNcnr9hz07gdso,Mouser,80-C0805C220J5G,Tape & Reel,0.57996,1.15992,1.15992,52296,1,https://octopart.com/opatz8j6/a1?t=5LLAFQxT9ST-o1zwSETAk9tM3_6MPEVgpRAG4DkU6wZBJYT8DzRtXKfygF1dyDe6-5kotfBHO-pjyZ-xc3SgDBq_LtHDRNVng-DRhDpKyQq1ioQ1OUiiFu4PknwcK1tdoSvsxcKi0hkcRitfvXaRu4SL6GW0EuEzjKuK8zWp_qCRD7QgqHKWbZXefzaSaXoYuISM0TRZKQVD_FnWqkwLk8zl3e4AXY4mV-NSV8vJ1lmtLizBaVIYVUNcnr9hz07gdso,